filename,pos_x,pos_y,pos_z,rot_x,rot_y,rot_z
bone_0000.png,-1,0521,53,7069,-4,5722,329,9998,0,0000,0,0000
bone_0001.png,-1,0972,53,7069,-4,5683,329,9997,10,0000,0,0000
bone_0002.png,-1,1409,53,7069,-4,5566,329,9997,20,0000,0,0000
bone_0003.png,-1,1820,53,7069,-4,5374,329,9997,30,0000,0,0000
bone_0004.png,-1,2191,53,7069,-4,5115,329,9998,40,0000,0,0000
bone_0005.png,-1,2511,53,7069,-4,4794,329,9998,50,0000,0,0000
bone_0006.png,-1,2771,53,7069,-4,4423,329,9998,60,0000,0,0000
bone_0007.png,-1,2962,53,7069,-4,4013,329,9998,70,0000,0,0000
bone_0008.png,-1,3079,53,7069,-4,3575,329,9998,80,0000,0,0000
bone_0009.png,-1,3119,53,7069,-4,3124,329,9998,90,0000,0,0000
bone_0010.png,-1,3079,53,7069,-4,2673,329,9998,100,0000,0,0000
bone_0011.png,-1,2962,53,7069,-4,2236,329,9998,110,0000,0,0000
bone_0012.png,-1,2771,53,7069,-4,1825,329,9998,120,0000,0,0000
bone_0013.png,-1,2511,53,7069,-4,1454,329,9998,130,0000,0,0000
bone_0014.png,-1,2191,53,7069,-4,1134,329,9998,140,0000,0,0000
bone_0015.png,-1,1820,53,7069,-4,0874,329,9997,150,0000,0,0000
bone_0016.png,-1,1409,53,7069,-4,0683,329,9997,160,0000,0,0000
bone_0017.png,-1,0972,53,7069,-4,0566,329,9997,170,0000,0,0000
bone_0018.png,-1,0521,53,7069,-4,0526,329,9998,180,0000,0,0000
bone_0019.png,-1,0070,53,7069,-4,0566,329,9997,190,0000,0,0000
bone_0020.png,-0,9632,53,7069,-4,0683,329,9997,200,0000,0,0000
bone_0021.png,-0,9222,53,7069,-4,0874,329,9997,210,0000,0,0000
bone_0022.png,-0,8851,53,7069,-4,1134,329,9998,220,0000,0,0000
bone_0023.png,-0,8531,53,7069,-4,1454,329,9998,230,0000,0,0000
bone_0024.png,-0,8271,53,7069,-4,1825,329,9998,240,0000,0,0000
bone_0025.png,-0,8079,53,7069,-4,2236,329,9998,250,0000,0,0000
bone_0026.png,-0,7962,53,7069,-4,2673,329,9998,260,0000,0,0000
bone_0027.png,-0,7923,53,7069,-4,3124,329,9998,270,0000,0,0000
bone_0028.png,-0,7962,53,7069,-4,3575,329,9998,280,0000,0,0000
bone_0029.png,-0,8079,53,7069,-4,4013,329,9998,290,0000,0,0000
bone_0030.png,-0,8271,53,7069,-4,4423,329,9998,300,0000,0,0000
bone_0031.png,-0,8531,53,7069,-4,4794,329,9998,310,0000,0,0000
bone_0032.png,-0,8851,53,7069,-4,5115,329,9998,320,0000,0,0000
bone_0033.png,-0,9222,53,7069,-4,5374,329,9997,330,0000,0,0000
bone_0034.png,-0,9632,53,7069,-4,5566,329,9997,340,0000,0,0000
bone_0035.png,-1,0070,53,7069,-4,5683,329,9997,350,0000,0,0000
bone_0036.png,-1,0521,53,7793,-4,6022,345,0002,0,0000,0,0000
bone_0037.png,-1,1024,53,7793,-4,5978,345,0003,10,0000,0,0000
bone_0038.png,-1,1512,53,7793,-4,5847,345,0002,20,0000,0,0000
bone_0039.png,-1,1970,53,7793,-4,5634,345,0003,30,0000,0,0000
bone_0040.png,-1,2383,53,7793,-4,5344,345,0002,40,0000,0,0000
bone_0041.png,-1,2741,53,7793,-4,4987,345,0002,50,0000,0,0000
bone_0042.png,-1,3030,53,7793,-4,4573,345,0002,60,0000,0,0000
bone_0043.png,-1,3244,53,7793,-4,4115,345,0002,70,0000,0,0000
bone_0044.png,-1,3375,53,7793,-4,3628,345,0002,80,0000,0,0000
bone_0045.png,-1,3419,53,7793,-4,3124,345,0002,90,0000,0,0000
bone_0046.png,-1,3375,53,7793,-4,2621,345,0002,100,0000,0,0000
bone_0047.png,-1,3244,53,7793,-4,2133,345,0002,110,0000,0,0000
bone_0048.png,-1,3030,53,7793,-4,1675,345,0002,120,0000,0,0000
bone_0049.png,-1,2741,53,7793,-4,1262,345,0002,130,0000,0,0000
bone_0050.png,-1,2383,53,7793,-4,0905,345,0002,140,0000,0,0000
bone_0051.png,-1,1970,53,7793,-4,0615,345,0003,150,0000,0,0000
bone_0052.png,-1,1512,53,7793,-4,0401,345,0002,160,0000,0,0000
bone_0053.png,-1,1024,53,7793,-4,0271,345,0003,170,0000,0,0000
bone_0054.png,-1,0521,53,7793,-4,0227,345,0002,180,0000,0,0000
bone_0055.png,-1,0018,53,7793,-4,0271,345,0003,190,0000,0,0000
bone_0056.png,-0,9530,53,7793,-4,0401,345,0002,200,0000,0,0000
bone_0057.png,-0,9072,53,7793,-4,0615,345,0003,210,0000,0,0000
bone_0058.png,-0,8658,53,7793,-4,0905,345,0002,220,0000,0,0000
bone_0059.png,-0,8301,53,7793,-4,1262,345,0002,230,0000,0,0000
bone_0060.png,-0,8011,53,7793,-4,1675,345,0002,240,0000,0,0000
bone_0061.png,-0,7798,53,7793,-4,2133,345,0002,250,0000,0,0000
bone_0062.png,-0,7667,53,7793,-4,2621,345,0002,260,0000,0,0000
bone_0063.png,-0,7623,53,7793,-4,3124,345,0002,270,0000,0,0000
bone_0064.png,-0,7667,53,7793,-4,3628,345,0002,280,0000,0,0000
bone_0065.png,-0,7798,53,7793,-4,4115,345,0002,290,0000,0,0000
bone_0066.png,-0,8011,53,7793,-4,4573,345,0002,300,0000,0,0000
bone_0067.png,-0,8301,53,7793,-4,4987,345,0002,310,0000,0,0000
bone_0068.png,-0,8658,53,7793,-4,5344,345,0002,320,0000,0,0000
bone_0069.png,-0,9072,53,7793,-4,5634,345,0002,330,0000,0,0000
bone_0070.png,-0,9530,53,7793,-4,5847,345,0002,340,0000,0,0000
bone_0071.png,-1,0018,53,7793,-4,5978,345,0003,350,0000,0,0000
bone_0072.png,-1,0521,53,8569,-4,6124,0,0000,0,0000,0,0000
bone_0073.png,-1,1042,53,8569,-4,6079,0,0000,10,0000,0,0000
bone_0074.png,-1,1547,53,8569,-4,5943,0,0000,20,0000,0,0000
bone_0075.png,-1,2021,53,8569,-4,5722,0,0000,30,0000,0,0000
bone_0076.png,-1,2449,53,8569,-4,5422,0,0000,40,0000,0,0000
bone_0077.png,-1,2819,53,8569,-4,5053,0,0000,50,0000,0,0000
bone_0078.png,-1,3119,53,8569,-4,4624,0,0000,60,0000,0,0000
bone_0079.png,-1,3340,53,8569,-4,4150,0,0000,70,0000,0,0000
bone_0080.png,-1,3475,53,8569,-4,3645,0,0000,80,0000,0,0000
bone_0081.png,-1,3521,53,8569,-4,3124,0,0000,90,0000,0,0000
bone_0082.png,-1,3475,53,8569,-4,2603,0,0000,100,0000,0,0000
bone_0083.png,-1,3340,53,8569,-4,2098,0,0000,110,0000,0,0000
bone_0084.png,-1,3119,53,8569,-4,1624,0,0000,120,0000,0,0000
bone_0085.png,-1,2819,53,8569,-4,1196,0,0000,130,0000,0,0000
bone_0086.png,-1,2449,53,8569,-4,0826,0,0000,140,0000,0,0000
bone_0087.png,-1,2021,53,8569,-4,0526,0,0000,150,0000,0,0000
bone_0088.png,-1,1547,53,8569,-4,0305,0,0000,160,0000,0,0000
bone_0089.png,-1,1042,53,8569,-4,0170,0,0000,170,0000,0,0000
bone_0090.png,-1,0521,53,8569,-4,0124,0,0000,180,0000,0,0000
bone_0091.png,-1,0000,53,8569,-4,0170,0,0000,190,0000,0,0000
bone_0092.png,-0,9495,53,8569,-4,0305,0,0000,200,0000,0,0000
bone_0093.png,-0,9021,53,8569,-4,0526,0,0000,210,0000,0,0000
bone_0094.png,-0,8592,53,8569,-4,0826,0,0000,220,0000,0,0000
bone_0095.png,-0,8223,53,8569,-4,1196,0,0000,230,0000,0,0000
bone_0096.png,-0,7923,53,8569,-4,1624,0,0000,240,0000,0,0000
bone_0097.png,-0,7702,53,8569,-4,2098,0,0000,250,0000,0,0000
bone_0098.png,-0,7566,53,8569,-4,2603,0,0000,260,0000,0,0000
bone_0099.png,-0,7521,53,8569,-4,3124,0,0000,270,0000,0,0000
bone_0100.png,-0,7566,53,8569,-4,3645,0,0000,280,0000,0,0000
bone_0101.png,-0,7702,53,8569,-4,4150,0,0000,290,0000,0,0000
bone_0102.png,-0,7923,53,8569,-4,4624,0,0000,300,0000,0,0000
bone_0103.png,-0,8223,53,8569,-4,5053,0,0000,310,0000,0,0000
bone_0104.png,-0,8592,53,8569,-4,5422,0,0000,320,0000,0,0000
bone_0105.png,-0,9021,53,8569,-4,5722,0,0000,330,0000,0,0000
bone_0106.png,-0,9495,53,8569,-4,5943,0,0000,340,0000,0,0000
bone_0107.png,-1,0000,53,8569,-4,6079,0,0000,350,0000,0,0000
bone_0108.png,-1,0521,53,9346,-4,6022,14,9998,0,0000,0,0000
bone_0109.png,-1,1024,53,9346,-4,5978,14,9997,10,0000,0,0000
bone_0110.png,-1,1512,53,9346,-4,5847,14,9997,20,0000,0,0000
bone_0111.png,-1,1970,53,9346,-4,5634,14,9997,30,0000,0,0000
bone_0112.png,-1,2383,53,9346,-4,5344,14,9998,40,0000,0,0000
bone_0113.png,-1,2741,53,9346,-4,4987,14,9998,50,0000,0,0000
bone_0114.png,-1,3030,53,9346,-4,4573,14,9998,60,0000,0,0000
bone_0115.png,-1,3244,53,9346,-4,4115,14,9998,70,0000,0,0000
bone_0116.png,-1,3375,53,9346,-4,3628,14,9998,80,0000,0,0000
bone_0117.png,-1,3419,53,9346,-4,3124,14,9998,90,0000,0,0000
bone_0118.png,-1,3375,53,9346,-4,2621,14,9998,100,0000,0,0000
bone_0119.png,-1,3244,53,9346,-4,2133,14,9998,110,0000,0,0000
bone_0120.png,-1,3030,53,9346,-4,1675,14,9998,120,0000,0,0000
bone_0121.png,-1,2741,53,9346,-4,1262,14,9998,130,0000,0,0000
bone_0122.png,-1,2383,53,9346,-4,0905,14,9998,140,0000,0,0000
bone_0123.png,-1,1970,53,9346,-4,0615,14,9997,150,0000,0,0000
bone_0124.png,-1,1512,53,9346,-4,0401,14,9997,160,0000,0,0000
bone_0125.png,-1,1024,53,9346,-4,0271,14,9997,170,0000,0,0000
bone_0126.png,-1,0521,53,9346,-4,0227,14,9998,180,0000,0,0000
bone_0127.png,-1,0018,53,9346,-4,0271,14,9997,190,0000,0,0000
bone_0128.png,-0,9530,53,9346,-4,0401,14,9997,200,0000,0,0000
bone_0129.png,-0,9072,53,9346,-4,0615,14,9997,210,0000,0,0000
bone_0130.png,-0,8658,53,9346,-4,0905,14,9998,220,0000,0,0000
bone_0131.png,-0,8301,53,9346,-4,1262,14,9998,230,0000,0,0000
bone_0132.png,-0,8011,53,9346,-4,1675,14,9998,240,0000,0,0000
bone_0133.png,-0,7798,53,9346,-4,2133,14,9998,250,0000,0,0000
bone_0134.png,-0,7667,53,9346,-4,2621,14,9998,260,0000,0,0000
bone_0135.png,-0,7623,53,9346,-4,3124,14,9998,270,0000,0,0000
bone_0136.png,-0,7667,53,9346,-4,3628,14,9998,280,0000,0,0000
bone_0137.png,-0,7798,53,9346,-4,4115,14,9998,290,0000,0,0000
bone_0138.png,-0,8011,53,9346,-4,4573,14,9998,300,0000,0,0000
bone_0139.png,-0,8301,53,9346,-4,4987,14,9998,310,0000,0,0000
bone_0140.png,-0,8658,53,9346,-4,5344,14,9998,320,0000,0,0000
bone_0141.png,-0,9072,53,9346,-4,5634,14,9998,330,0000,0,0000
bone_0142.png,-0,9530,53,9346,-4,5847,14,9997,340,0000,0,0000
bone_0143.png,-1,0018,53,9346,-4,5978,14,9997,350,0000,0,0000
bone_0144.png,-1,0521,54,0069,-4,5722,30,0003,0,0000,0,0000
bone_0145.png,-1,0972,54,0069,-4,5683,30,0003,10,0000,0,0000
bone_0146.png,-1,1409,54,0069,-4,5566,30,0003,20,0000,0,0000
bone_0147.png,-1,1820,54,0069,-4,5374,30,0003,30,0000,0,0000
bone_0148.png,-1,2191,54,0069,-4,5115,30,0003,40,0000,0,0000
bone_0149.png,-1,2511,54,0069,-4,4794,30,0003,50,0000,0,0000
bone_0150.png,-1,2771,54,0069,-4,4423,30,0003,60,0000,0,0000
bone_0151.png,-1,2962,54,0069,-4,4013,30,0003,70,0000,0,0000
bone_0152.png,-1,3079,54,0069,-4,3575,30,0003,80,0000,0,0000
bone_0153.png,-1,3119,54,0069,-4,3124,30,0003,90,0000,0,0000
bone_0154.png,-1,3079,54,0069,-4,2673,30,0003,100,0000,0,0000
bone_0155.png,-1,2962,54,0069,-4,2236,30,0003,110,0000,0,0000
bone_0156.png,-1,2771,54,0069,-4,1825,30,0003,120,0000,0,0000
bone_0157.png,-1,2511,54,0069,-4,1454,30,0003,130,0000,0,0000
bone_0158.png,-1,2191,54,0069,-4,1134,30,0003,140,0000,0,0000
bone_0159.png,-1,1820,54,0069,-4,0874,30,0003,150,0000,0,0000
bone_0160.png,-1,1409,54,0069,-4,0683,30,0003,160,0000,0,0000
bone_0161.png,-1,0972,54,0069,-4,0566,30,0003,170,0000,0,0000
bone_0162.png,-1,0521,54,0069,-4,0526,30,0003,180,0000,0,0000
bone_0163.png,-1,0070,54,0069,-4,0566,30,0003,190,0000,0,0000
bone_0164.png,-0,9632,54,0069,-4,0683,30,0003,200,0000,0,0000
bone_0165.png,-0,9222,54,0069,-4,0874,30,0003,210,0000,0,0000
bone_0166.png,-0,8851,54,0069,-4,1134,30,0003,220,0000,0,0000
bone_0167.png,-0,8531,54,0069,-4,1454,30,0003,230,0000,0,0000
bone_0168.png,-0,8271,54,0069,-4,1825,30,0003,240,0000,0,0000
bone_0169.png,-0,8079,54,0069,-4,2236,30,0003,250,0000,0,0000
bone_0170.png,-0,7962,54,0069,-4,2673,30,0003,260,0000,0,0000
bone_0171.png,-0,7923,54,0069,-4,3124,30,0003,270,0000,0,0000
bone_0172.png,-0,7962,54,0069,-4,3575,30,0003,280,0000,0,0000
bone_0173.png,-0,8079,54,0069,-4,4013,30,0003,290,0000,0,0000
bone_0174.png,-0,8271,54,0069,-4,4423,30,0003,300,0000,0,0000
bone_0175.png,-0,8531,54,0069,-4,4794,30,0003,310,0000,0,0000
bone_0176.png,-0,8851,54,0069,-4,5115,30,0003,320,0000,0,0000
bone_0177.png,-0,9222,54,0069,-4,5374,30,0003,330,0000,0,0000
bone_0178.png,-0,9632,54,0069,-4,5566,30,0003,340,0000,0,0000
bone_0179.png,-1,0070,54,0069,-4,5683,30,0003,350,0000,0,0000
bone_0180.png,-1,0521,53,6069,-4,7454,330,0000,0,0000,0,0000
bone_0181.png,-1,1273,53,6069,-4,7389,330,0000,10,0000,0,0000
bone_0182.png,-1,2002,53,6069,-4,7193,330,0000,20,0000,0,0000
bone_0183.png,-1,2686,53,6069,-4,6874,330,0000,30,0000,0,0000
bone_0184.png,-1,3304,53,6069,-4,6441,330,0000,40,0000,0,0000
bone_0185.png,-1,3838,53,6069,-4,5908,330,0000,50,0000,0,0000
bone_0186.png,-1,4271,53,6069,-4,5289,330,0000,60,0000,0,0000
bone_0187.png,-1,4590,53,6069,-4,4605,330,0000,70,0000,0,0000
bone_0188.png,-1,4785,53,6069,-4,3876,330,0000,80,0000,0,0000
bone_0189.png,-1,4851,53,6069,-4,3124,330,0000,90,0000,0,0000
bone_0190.png,-1,4785,53,6069,-4,2372,330,0000,100,0000,0,0000
bone_0191.png,-1,4590,53,6069,-4,1643,330,0000,110,0000,0,0000
bone_0192.png,-1,4271,53,6069,-4,0959,330,0000,120,0000,0,0000
bone_0193.png,-1,3838,53,6069,-4,0341,330,0000,130,0000,0,0000
bone_0194.png,-1,3304,53,6069,-3,9807,330,0000,140,0000,0,0000
bone_0195.png,-1,2686,53,6069,-3,9374,330,0000,150,0000,0,0000
bone_0196.png,-1,2002,53,6069,-3,9055,330,0000,160,0000,0,0000
bone_0197.png,-1,1273,53,6069,-3,8860,330,0000,170,0000,0,0000
bone_0198.png,-1,0521,53,6069,-3,8794,330,0000,180,0000,0,0000
bone_0199.png,-0,9769,53,6069,-3,8860,330,0000,190,0000,0,0000
bone_0200.png,-0,9040,53,6069,-3,9055,330,0000,200,0000,0,0000
bone_0201.png,-0,8356,53,6069,-3,9374,330,0000,210,0000,0,0000
bone_0202.png,-0,7737,53,6069,-3,9807,330,0000,220,0000,0,0000
bone_0203.png,-0,7204,53,6069,-4,0341,330,0000,230,0000,0,0000
bone_0204.png,-0,6771,53,6069,-4,0959,330,0000,240,0000,0,0000
bone_0205.png,-0,6452,53,6069,-4,1643,330,0000,250,0000,0,0000
bone_0206.png,-0,6256,53,6069,-4,2372,330,0000,260,0000,0,0000
bone_0207.png,-0,6191,53,6069,-4,3124,330,0000,270,0000,0,0000
bone_0208.png,-0,6256,53,6069,-4,3876,330,0000,280,0000,0,0000
bone_0209.png,-0,6452,53,6069,-4,4605,330,0000,290,0000,0,0000
bone_0210.png,-0,6771,53,6069,-4,5289,330,0000,300,0000,0,0000
bone_0211.png,-0,7204,53,6069,-4,5908,330,0000,310,0000,0,0000
bone_0212.png,-0,7737,53,6069,-4,6441,330,0000,320,0000,0,0000
bone_0213.png,-0,8356,53,6069,-4,6874,330,0000,330,0000,0,0000
bone_0214.png,-0,9040,53,6069,-4,7193,330,0000,340,0000,0,0000
bone_0215.png,-0,9769,53,6069,-4,7389,330,0000,350,0000,0,0000
bone_0216.png,-1,0521,53,7275,-4,7954,345,0000,0,0000,0,0000
bone_0217.png,-1,1359,53,7275,-4,7881,345,0000,10,0000,0,0000
bone_0218.png,-1,2173,53,7275,-4,7663,345,0000,20,0000,0,0000
bone_0219.png,-1,2936,53,7275,-4,7307,345,0000,30,0000,0,0000
bone_0220.png,-1,3625,53,7275,-4,6824,345,0000,40,0000,0,0000
bone_0221.png,-1,4221,53,7275,-4,6229,345,0000,50,0000,0,0000
bone_0222.png,-1,4703,53,7275,-4,5539,345,0000,60,0000,0,0000
bone_0223.png,-1,5059,53,7275,-4,4776,345,0000,70,0000,0,0000
bone_0224.png,-1,5277,53,7275,-4,3963,345,0000,80,0000,0,0000
bone_0225.png,-1,5350,53,7275,-4,3124,345,0000,90,0000,0,0000
bone_0226.png,-1,5277,53,7275,-4,2286,345,0000,100,0000,0,0000
bone_0227.png,-1,5059,53,7275,-4,1473,345,0000,110,0000,0,0000
bone_0228.png,-1,4703,53,7275,-4,0710,345,0000,120,0000,0,0000
bone_0229.png,-1,4221,53,7275,-4,0020,345,0000,130,0000,0,0000
bone_0230.png,-1,3625,53,7275,-3,9425,345,0000,140,0000,0,0000
bone_0231.png,-1,2936,53,7275,-3,8942,345,0000,150,0000,0,0000
bone_0232.png,-1,2173,53,7275,-3,8586,345,0000,160,0000,0,0000
bone_0233.png,-1,1359,53,7275,-3,8368,345,0000,170,0000,0,0000
bone_0234.png,-1,0521,53,7275,-3,8295,345,0000,180,0000,0,0000
bone_0235.png,-0,9682,53,7275,-3,8368,345,0000,190,0000,0,0000
bone_0236.png,-0,8869,53,7275,-3,8586,345,0000,200,0000,0,0000
bone_0237.png,-0,8106,53,7275,-3,8942,345,0000,210,0000,0,0000
bone_0238.png,-0,7416,53,7275,-3,9425,345,0000,220,0000,0,0000
bone_0239.png,-0,6821,53,7275,-4,0020,345,0000,230,0000,0,0000
bone_0240.png,-0,6338,53,7275,-4,0710,345,0000,240,0000,0,0000
bone_0241.png,-0,5982,53,7275,-4,1473,345,0000,250,0000,0,0000
bone_0242.png,-0,5765,53,7275,-4,2286,345,0000,260,0000,0,0000
bone_0243.png,-0,5691,53,7275,-4,3124,345,0000,270,0000,0,0000
bone_0244.png,-0,5765,53,7275,-4,3963,345,0000,280,0000,0,0000
bone_0245.png,-0,5982,53,7275,-4,4776,345,0000,290,0000,0,0000
bone_0246.png,-0,6338,53,7275,-4,5539,345,0000,300,0000,0,0000
bone_0247.png,-0,6821,53,7275,-4,6229,345,0000,310,0000,0,0000
bone_0248.png,-0,7416,53,7275,-4,6824,345,0000,320,0000,0,0000
bone_0249.png,-0,8106,53,7275,-4,7307,345,0000,330,0000,0,0000
bone_0250.png,-0,8869,53,7275,-4,7663,345,0000,340,0000,0,0000
bone_0251.png,-0,9682,53,7275,-4,7881,345,0000,350,0000,0,0000
bone_0252.png,-1,0521,53,8569,-4,8124,0,0000,0,0000,0,0000
bone_0253.png,-1,1389,53,8569,-4,8048,0,0000,10,0000,0,0000
bone_0254.png,-1,2231,53,8569,-4,7823,0,0000,20,0000,0,0000
bone_0255.png,-1,3021,53,8569,-4,7454,0,0000,30,0000,0,0000
bone_0256.png,-1,3735,53,8569,-4,6955,0,0000,40,0000,0,0000
bone_0257.png,-1,4351,53,8569,-4,6338,0,0000,50,0000,0,0000
bone_0258.png,-1,4851,53,8569,-4,5624,0,0000,60,0000,0,0000
bone_0259.png,-1,5219,53,8569,-4,4834,0,0000,70,0000,0,0000
bone_0260.png,-1,5445,53,8569,-4,3993,0,0000,80,0000,0,0000
bone_0261.png,-1,5521,53,8569,-4,3124,0,0000,90,0000,0,0000
bone_0262.png,-1,5445,53,8569,-4,2256,0,0000,100,0000,0,0000
bone_0263.png,-1,5219,53,8569,-4,1414,0,0000,110,0000,0,0000
bone_0264.png,-1,4851,53,8569,-4,0624,0,0000,120,0000,0,0000
bone_0265.png,-1,4351,53,8569,-3,9910,0,0000,130,0000,0,0000
bone_0266.png,-1,3735,53,8569,-3,9294,0,0000,140,0000,0,0000
bone_0267.png,-1,3021,53,8569,-3,8794,0,0000,150,0000,0,0000
bone_0268.png,-1,2231,53,8569,-3,8426,0,0000,160,0000,0,0000
bone_0269.png,-1,1389,53,8569,-3,8200,0,0000,170,0000,0,0000
bone_0270.png,-1,0521,53,8569,-3,8124,0,0000,180,0000,0,0000
bone_0271.png,-0,9653,53,8569,-3,8200,0,0000,190,0000,0,0000
bone_0272.png,-0,8811,53,8569,-3,8426,0,0000,200,0000,0,0000
bone_0273.png,-0,8021,53,8569,-3,8794,0,0000,210,0000,0,0000
bone_0274.png,-0,7307,53,8569,-3,9294,0,0000,220,0000,0,0000
bone_0275.png,-0,6691,53,8569,-3,9910,0,0000,230,0000,0,0000
bone_0276.png,-0,6191,53,8569,-4,0624,0,0000,240,0000,0,0000
bone_0277.png,-0,5822,53,8569,-4,1414,0,0000,250,0000,0,0000
bone_0278.png,-0,5597,53,8569,-4,2256,0,0000,260,0000,0,0000
bone_0279.png,-0,5521,53,8569,-4,3124,0,0000,270,0000,0,0000
bone_0280.png,-0,5597,53,8569,-4,3993,0,0000,280,0000,0,0000
bone_0281.png,-0,5822,53,8569,-4,4834,0,0000,290,0000,0,0000
bone_0282.png,-0,6191,53,8569,-4,5624,0,0000,300,0000,0,0000
bone_0283.png,-0,6691,53,8569,-4,6338,0,0000,310,0000,0,0000
bone_0284.png,-0,7307,53,8569,-4,6955,0,0000,320,0000,0,0000
bone_0285.png,-0,8021,53,8569,-4,7454,0,0000,330,0000,0,0000
bone_0286.png,-0,8811,53,8569,-4,7823,0,0000,340,0000,0,0000
bone_0287.png,-0,9653,53,8569,-4,8048,0,0000,350,0000,0,0000
bone_0288.png,-1,0521,53,9864,-4,7954,15,0000,0,0000,0,0000
bone_0289.png,-1,1359,53,9864,-4,7881,15,0000,10,0000,0,0000
bone_0290.png,-1,2173,53,9864,-4,7663,15,0000,20,0000,0,0000
bone_0291.png,-1,2936,53,9864,-4,7307,15,0000,30,0000,0,0000
bone_0292.png,-1,3625,53,9864,-4,6824,15,0000,40,0000,0,0000
bone_0293.png,-1,4221,53,9864,-4,6229,15,0000,50,0000,0,0000
bone_0294.png,-1,4703,53,9864,-4,5539,15,0000,60,0000,0,0000
bone_0295.png,-1,5059,53,9864,-4,4776,15,0000,70,0000,0,0000
bone_0296.png,-1,5277,53,9864,-4,3963,15,0000,80,0000,0,0000
bone_0297.png,-1,5350,53,9864,-4,3124,15,0000,90,0000,0,0000
bone_0298.png,-1,5277,53,9864,-4,2286,15,0000,100,0000,0,0000
bone_0299.png,-1,5059,53,9864,-4,1473,15,0000,110,0000,0,0000
bone_0300.png,-1,4703,53,9864,-4,0710,15,0000,120,0000,0,0000
bone_0301.png,-1,4221,53,9864,-4,0020,15,0000,130,0000,0,0000
bone_0302.png,-1,3625,53,9864,-3,9425,15,0000,140,0000,0,0000
bone_0303.png,-1,2936,53,9864,-3,8942,15,0000,150,0000,0,0000
bone_0304.png,-1,2173,53,9864,-3,8586,15,0000,160,0000,0,0000
bone_0305.png,-1,1359,53,9864,-3,8368,15,0000,170,0000,0,0000
bone_0306.png,-1,0521,53,9864,-3,8295,15,0000,180,0000,0,0000
bone_0307.png,-0,9682,53,9864,-3,8368,15,0000,190,0000,0,0000
bone_0308.png,-0,8869,53,9864,-3,8586,15,0000,200,0000,0,0000
bone_0309.png,-0,8106,53,9864,-3,8942,15,0000,210,0000,0,0000
bone_0310.png,-0,7416,53,9864,-3,9425,15,0000,220,0000,0,0000
bone_0311.png,-0,6821,53,9864,-4,0020,15,0000,230,0000,0,0000
bone_0312.png,-0,6338,53,9864,-4,0710,15,0000,240,0000,0,0000
bone_0313.png,-0,5982,53,9864,-4,1473,15,0000,250,0000,0,0000
bone_0314.png,-0,5765,53,9864,-4,2286,15,0000,260,0000,0,0000
bone_0315.png,-0,5691,53,9864,-4,3124,15,0000,270,0000,0,0000
bone_0316.png,-0,5765,53,9864,-4,3963,15,0000,280,0000,0,0000
bone_0317.png,-0,5982,53,9864,-4,4776,15,0000,290,0000,0,0000
bone_0318.png,-0,6338,53,9864,-4,5539,15,0000,300,0000,0,0000
bone_0319.png,-0,6821,53,9864,-4,6229,15,0000,310,0000,0,0000
bone_0320.png,-0,7416,53,9864,-4,6824,15,0000,320,0000,0,0000
bone_0321.png,-0,8106,53,9864,-4,7307,15,0000,330,0000,0,0000
bone_0322.png,-0,8869,53,9864,-4,7663,15,0000,340,0000,0,0000
bone_0323.png,-0,9682,53,9864,-4,7881,15,0000,350,0000,0,0000
bone_0324.png,-1,0521,54,1069,-4,7454,30,0000,0,0000,0,0000
bone_0325.png,-1,1273,54,1069,-4,7389,30,0000,10,0000,0,0000
bone_0326.png,-1,2002,54,1069,-4,7193,30,0000,20,0000,0,0000
bone_0327.png,-1,2686,54,1069,-4,6874,30,0000,30,0000,0,0000
bone_0328.png,-1,3304,54,1069,-4,6441,30,0000,40,0000,0,0000
bone_0329.png,-1,3838,54,1069,-4,5908,30,0000,50,0000,0,0000
bone_0330.png,-1,4271,54,1069,-4,5289,30,0000,60,0000,0,0000
bone_0331.png,-1,4590,54,1069,-4,4605,30,0000,70,0000,0,0000
bone_0332.png,-1,4785,54,1069,-4,3876,30,0000,80,0000,0,0000
bone_0333.png,-1,4851,54,1069,-4,3124,30,0000,90,0000,0,0000
bone_0334.png,-1,4785,54,1069,-4,2372,30,0000,100,0000,0,0000
bone_0335.png,-1,4590,54,1069,-4,1643,30,0000,110,0000,0,0000
bone_0336.png,-1,4271,54,1069,-4,0959,30,0000,120,0000,0,0000
bone_0337.png,-1,3838,54,1069,-4,0341,30,0000,130,0000,0,0000
bone_0338.png,-1,3304,54,1069,-3,9807,30,0000,140,0000,0,0000
bone_0339.png,-1,2686,54,1069,-3,9374,30,0000,150,0000,0,0000
bone_0340.png,-1,2002,54,1069,-3,9055,30,0000,160,0000,0,0000
bone_0341.png,-1,1273,54,1069,-3,8860,30,0000,170,0000,0,0000
bone_0342.png,-1,0521,54,1069,-3,8794,30,0000,180,0000,0,0000
bone_0343.png,-0,9769,54,1069,-3,8860,30,0000,190,0000,0,0000
bone_0344.png,-0,9040,54,1069,-3,9055,30,0000,200,0000,0,0000
bone_0345.png,-0,8356,54,1069,-3,9374,30,0000,210,0000,0,0000
bone_0346.png,-0,7737,54,1069,-3,9807,30,0000,220,0000,0,0000
bone_0347.png,-0,7204,54,1069,-4,0341,30,0000,230,0000,0,0000
bone_0348.png,-0,6771,54,1069,-4,0959,30,0000,240,0000,0,0000
bone_0349.png,-0,6452,54,1069,-4,1643,30,0000,250,0000,0,0000
bone_0350.png,-0,6256,54,1069,-4,2372,30,0000,260,0000,0,0000
bone_0351.png,-0,6191,54,1069,-4,3124,30,0000,270,0000,0,0000
bone_0352.png,-0,6256,54,1069,-4,3876,30,0000,280,0000,0,0000
bone_0353.png,-0,6452,54,1069,-4,4605,30,0000,290,0000,0,0000
bone_0354.png,-0,6771,54,1069,-4,5289,30,0000,300,0000,0,0000
bone_0355.png,-0,7204,54,1069,-4,5908,30,0000,310,0000,0,0000
bone_0356.png,-0,7737,54,1069,-4,6441,30,0000,320,0000,0,0000
bone_0357.png,-0,8356,54,1069,-4,6874,30,0000,330,0000,0,0000
bone_0358.png,-0,9040,54,1069,-4,7193,30,0000,340,0000,0,0000
bone_0359.png,-0,9769,54,1069,-4,7389,30,0000,350,0000,0,0000
bone_0360.png,-1,0521,53,5069,-4,9187,330,0001,0,0000,0,0000
bone_0361.png,-1,1574,53,5069,-4,9094,330,0001,10,0000,0,0000
bone_0362.png,-1,2594,53,5069,-4,8821,330,0001,20,0000,0,0000
bone_0363.png,-1,3552,53,5069,-4,8374,330,0001,30,0000,0,0000
bone_0364.png,-1,4418,53,5069,-4,7768,330,0001,40,0000,0,0000
bone_0365.png,-1,5165,53,5069,-4,7021,330,0001,50,0000,0,0000
bone_0366.png,-1,5771,53,5069,-4,6155,330,0001,60,0000,0,0000
bone_0367.png,-1,6217,53,5069,-4,5198,330,0001,70,0000,0,0000
bone_0368.png,-1,6491,53,5069,-4,4177,330,0001,80,0000,0,0000
bone_0369.png,-1,6583,53,5069,-4,3124,330,0001,90,0000,0,0000
bone_0370.png,-1,6491,53,5069,-4,2072,330,0001,100,0000,0,0000
bone_0371.png,-1,6217,53,5069,-4,1051,330,0001,110,0000,0,0000
bone_0372.png,-1,5771,53,5069,-4,0093,330,0001,120,0000,0,0000
bone_0373.png,-1,5165,53,5069,-3,9228,330,0001,130,0000,0,0000
bone_0374.png,-1,4418,53,5069,-3,8480,330,0001,140,0000,0,0000
bone_0375.png,-1,3552,53,5069,-3,7874,330,0001,150,0000,0,0000
bone_0376.png,-1,2594,53,5069,-3,7428,330,0001,160,0000,0,0000
bone_0377.png,-1,1574,53,5069,-3,7154,330,0001,170,0000,0,0000
bone_0378.png,-1,0521,53,5069,-3,7062,330,0001,180,0000,0,0000
bone_0379.png,-0,9468,53,5069,-3,7154,330,0001,190,0000,0,0000
bone_0380.png,-0,8447,53,5069,-3,7428,330,0001,200,0000,0,0000
bone_0381.png,-0,7490,53,5069,-3,7874,330,0001,210,0000,0,0000
bone_0382.png,-0,6624,53,5069,-3,8480,330,0001,220,0000,0,0000
bone_0383.png,-0,5877,53,5069,-3,9228,330,0001,230,0000,0,0000
bone_0384.png,-0,5271,53,5069,-4,0093,330,0001,240,0000,0,0000
bone_0385.png,-0,4824,53,5069,-4,1051,330,0001,250,0000,0,0000
bone_0386.png,-0,4551,53,5069,-4,2072,330,0001,260,0000,0,0000
bone_0387.png,-0,4459,53,5069,-4,3124,330,0001,270,0000,0,0000
bone_0388.png,-0,4551,53,5069,-4,4177,330,0001,280,0000,0,0000
bone_0389.png,-0,4824,53,5069,-4,5198,330,0001,290,0000,0,0000
bone_0390.png,-0,5271,53,5069,-4,6155,330,0001,300,0000,0,0000
bone_0391.png,-0,5877,53,5069,-4,7021,330,0001,310,0000,0,0000
bone_0392.png,-0,6624,53,5069,-4,7768,330,0001,320,0000,0,0000
bone_0393.png,-0,7490,53,5069,-4,8374,330,0001,330,0000,0,0000
bone_0394.png,-0,8447,53,5069,-4,8821,330,0001,340,0000,0,0000
bone_0395.png,-0,9468,53,5069,-4,9094,330,0001,350,0000,0,0000
bone_0396.png,-1,0521,53,6758,-4,9886,344,9998,0,0000,0,0000
bone_0397.png,-1,1695,53,6758,-4,9783,344,9998,10,0000,0,0000
bone_0398.png,-1,2833,53,6758,-4,9478,344,9998,20,0000,0,0000
bone_0399.png,-1,3902,53,6758,-4,8980,345,0002,30,0000,0,0000
bone_0400.png,-1,4867,53,6758,-4,8304,345,0002,40,0000,0,0000
bone_0401.png,-1,5700,53,6758,-4,7471,345,0002,50,0000,0,0000
bone_0402.png,-1,6376,53,6758,-4,6505,344,9998,60,0000,0,0000
bone_0403.png,-1,6875,53,6758,-4,5437,344,9998,70,0000,0,0000
bone_0404.png,-1,7180,53,6758,-4,4298,345,0002,80,0000,0,0000
bone_0405.png,-1,7282,53,6758,-4,3124,345,0002,90,0000,0,0000
bone_0406.png,-1,7180,53,6758,-4,1950,344,9998,100,0000,0,0000
bone_0407.png,-1,6875,53,6758,-4,0812,344,9998,110,0000,0,0000
bone_0408.png,-1,6376,53,6758,-3,9744,344,9998,120,0000,0,0000
bone_0409.png,-1,5700,53,6758,-3,8778,344,9998,130,0000,0,0000
bone_0410.png,-1,4867,53,6758,-3,7945,344,9998,140,0000,0,0000
bone_0411.png,-1,3902,53,6758,-3,7269,344,9998,150,0000,0,0000
bone_0412.png,-1,2833,53,6758,-3,6771,344,9998,160,0000,0,0000
bone_0413.png,-1,1695,53,6758,-3,6466,344,9998,170,0000,0,0000
bone_0414.png,-1,0521,53,6758,-3,6363,344,9998,180,0000,0,0000
bone_0415.png,-0,9347,53,6758,-3,6466,344,9998,190,0000,0,0000
bone_0416.png,-0,8208,53,6758,-3,6771,344,9998,200,0000,0,0000
bone_0417.png,-0,7140,53,6758,-3,7269,345,0002,210,0000,0,0000
bone_0418.png,-0,6175,53,6758,-3,7945,345,0002,220,0000,0,0000
bone_0419.png,-0,5341,53,6758,-3,8778,344,9998,230,0000,0,0000
bone_0420.png,-0,4665,53,6758,-3,9744,344,9998,240,0000,0,0000
bone_0421.png,-0,4167,53,6758,-4,0812,345,0002,250,0000,0,0000
bone_0422.png,-0,3862,53,6758,-4,1950,344,9998,260,0000,0,0000
bone_0423.png,-0,3759,53,6758,-4,3124,345,0002,270,0000,0,0000
bone_0424.png,-0,3862,53,6758,-4,4298,344,9998,280,0000,0,0000
bone_0425.png,-0,4167,53,6758,-4,5437,344,9998,290,0000,0,0000
bone_0426.png,-0,4665,53,6758,-4,6505,344,9998,300,0000,0,0000
bone_0427.png,-0,5341,53,6758,-4,7471,344,9998,310,0000,0,0000
bone_0428.png,-0,6175,53,6758,-4,8304,344,9998,320,0000,0,0000
bone_0429.png,-0,7140,53,6758,-4,8980,344,9998,330,0000,0,0000
bone_0430.png,-0,8208,53,6758,-4,9478,344,9998,340,0000,0,0000
bone_0431.png,-0,9347,53,6758,-4,9783,345,0002,350,0000,0,0000
bone_0432.png,-1,0521,53,8569,-5,0124,0,0000,0,0000,0,0000
bone_0433.png,-1,1736,53,8569,-5,0018,0,0000,10,0000,0,0000
bone_0434.png,-1,2915,53,8569,-4,9702,0,0000,20,0000,0,0000
bone_0435.png,-1,4021,53,8569,-4,9187,0,0000,30,0000,0,0000
bone_0436.png,-1,5020,53,8569,-4,8487,0,0000,40,0000,0,0000
bone_0437.png,-1,5883,53,8569,-4,7624,0,0000,50,0000,0,0000
bone_0438.png,-1,6583,53,8569,-4,6624,0,0000,60,0000,0,0000
bone_0439.png,-1,7099,53,8569,-4,5518,0,0000,70,0000,0,0000
bone_0440.png,-1,7414,53,8569,-4,4340,0,0000,80,0000,0,0000
bone_0441.png,-1,7521,53,8569,-4,3124,0,0000,90,0000,0,0000
bone_0442.png,-1,7414,53,8569,-4,1909,0,0000,100,0000,0,0000
bone_0443.png,-1,7099,53,8569,-4,0730,0,0000,110,0000,0,0000
bone_0444.png,-1,6583,53,8569,-3,9624,0,0000,120,0000,0,0000
bone_0445.png,-1,5883,53,8569,-3,8625,0,0000,130,0000,0,0000
bone_0446.png,-1,5020,53,8569,-3,7762,0,0000,140,0000,0,0000
bone_0447.png,-1,4021,53,8569,-3,7062,0,0000,150,0000,0,0000
bone_0448.png,-1,2915,53,8569,-3,6546,0,0000,160,0000,0,0000
bone_0449.png,-1,1736,53,8569,-3,6231,0,0000,170,0000,0,0000
bone_0450.png,-1,0521,53,8569,-3,6124,0,0000,180,0000,0,0000
bone_0451.png,-0,9305,53,8569,-3,6231,0,0000,190,0000,0,0000
bone_0452.png,-0,8127,53,8569,-3,6546,0,0000,200,0000,0,0000
bone_0453.png,-0,7021,53,8569,-3,7062,0,0000,210,0000,0,0000
bone_0454.png,-0,6021,53,8569,-3,7762,0,0000,220,0000,0,0000
bone_0455.png,-0,5159,53,8569,-3,8625,0,0000,230,0000,0,0000
bone_0456.png,-0,4459,53,8569,-3,9624,0,0000,240,0000,0,0000
bone_0457.png,-0,3943,53,8569,-4,0730,0,0000,250,0000,0,0000
bone_0458.png,-0,3627,53,8569,-4,1909,0,0000,260,0000,0,0000
bone_0459.png,-0,3521,53,8569,-4,3124,0,0000,270,0000,0,0000
bone_0460.png,-0,3627,53,8569,-4,4340,0,0000,280,0000,0,0000
bone_0461.png,-0,3943,53,8569,-4,5518,0,0000,290,0000,0,0000
bone_0462.png,-0,4459,53,8569,-4,6624,0,0000,300,0000,0,0000
bone_0463.png,-0,5159,53,8569,-4,7624,0,0000,310,0000,0,0000
bone_0464.png,-0,6021,53,8569,-4,8487,0,0000,320,0000,0,0000
bone_0465.png,-0,7021,53,8569,-4,9187,0,0000,330,0000,0,0000
bone_0466.png,-0,8127,53,8569,-4,9702,0,0000,340,0000,0,0000
bone_0467.png,-0,9305,53,8569,-5,0018,0,0000,350,0000,0,0000
bone_0468.png,-1,0521,54,0381,-4,9886,15,0002,0,0000,0,0000
bone_0469.png,-1,1695,54,0381,-4,9783,15,0002,10,0000,0,0000
bone_0470.png,-1,2833,54,0381,-4,9478,15,0002,20,0000,0,0000
bone_0471.png,-1,3902,54,0381,-4,8980,14,9999,30,0000,0,0000
bone_0472.png,-1,4867,54,0381,-4,8304,14,9999,40,0000,0,0000
bone_0473.png,-1,5700,54,0381,-4,7471,14,9999,50,0000,0,0000
bone_0474.png,-1,6376,54,0381,-4,6505,15,0002,60,0000,0,0000
bone_0475.png,-1,6875,54,0381,-4,5437,15,0002,70,0000,0,0000
bone_0476.png,-1,7180,54,0381,-4,4298,14,9999,80,0000,0,0000
bone_0477.png,-1,7282,54,0381,-4,3124,14,9999,90,0000,0,0000
bone_0478.png,-1,7180,54,0381,-4,1950,15,0002,100,0000,0,0000
bone_0479.png,-1,6875,54,0381,-4,0812,15,0002,110,0000,0,0000
bone_0480.png,-1,6376,54,0381,-3,9744,15,0002,120,0000,0,0000
bone_0481.png,-1,5700,54,0381,-3,8778,15,0002,130,0000,0,0000
bone_0482.png,-1,4867,54,0381,-3,7945,15,0002,140,0000,0,0000
bone_0483.png,-1,3902,54,0381,-3,7269,15,0002,150,0000,0,0000
bone_0484.png,-1,2833,54,0381,-3,6771,15,0002,160,0000,0,0000
bone_0485.png,-1,1695,54,0381,-3,6466,15,0002,170,0000,0,0000
bone_0486.png,-1,0521,54,0381,-3,6363,15,0002,180,0000,0,0000
bone_0487.png,-0,9347,54,0381,-3,6466,15,0002,190,0000,0,0000
bone_0488.png,-0,8208,54,0381,-3,6771,15,0002,200,0000,0,0000
bone_0489.png,-0,7140,54,0381,-3,7269,14,9999,210,0000,0,0000
bone_0490.png,-0,6175,54,0381,-3,7945,14,9999,220,0000,0,0000
bone_0491.png,-0,5341,54,0381,-3,8778,15,0002,230,0000,0,0000
bone_0492.png,-0,4665,54,0381,-3,9744,15,0002,240,0000,0,0000
bone_0493.png,-0,4167,54,0381,-4,0812,14,9999,250,0000,0,0000
bone_0494.png,-0,3862,54,0381,-4,1950,15,0002,260,0000,0,0000
bone_0495.png,-0,3759,54,0381,-4,3124,14,9999,270,0000,0,0000
bone_0496.png,-0,3862,54,0381,-4,4298,15,0002,280,0000,0,0000
bone_0497.png,-0,4167,54,0381,-4,5437,15,0002,290,0000,0,0000
bone_0498.png,-0,4665,54,0381,-4,6505,15,0002,300,0000,0,0000
bone_0499.png,-0,5341,54,0381,-4,7471,15,0002,310,0000,0,0000
bone_0500.png,-0,6175,54,0381,-4,8304,15,0002,320,0000,0,0000
bone_0501.png,-0,7140,54,0381,-4,8980,15,0002,330,0000,0,0000
bone_0502.png,-0,8208,54,0381,-4,9478,15,0002,340,0000,0,0000
bone_0503.png,-0,9347,54,0381,-4,9783,14,9999,350,0000,0,0000
bone_0504.png,-1,0521,54,2069,-4,9187,29,9999,0,0000,0,0000
bone_0505.png,-1,1574,54,2069,-4,9094,29,9999,10,0000,0,0000
bone_0506.png,-1,2594,54,2069,-4,8821,29,9999,20,0000,0,0000
bone_0507.png,-1,3552,54,2069,-4,8374,29,9999,30,0000,0,0000
bone_0508.png,-1,4418,54,2069,-4,7768,29,9999,40,0000,0,0000
bone_0509.png,-1,5165,54,2069,-4,7021,29,9999,50,0000,0,0000
bone_0510.png,-1,5771,54,2069,-4,6155,29,9999,60,0000,0,0000
bone_0511.png,-1,6217,54,2069,-4,5198,29,9999,70,0000,0,0000
bone_0512.png,-1,6491,54,2069,-4,4177,29,9999,80,0000,0,0000
bone_0513.png,-1,6583,54,2069,-4,3124,29,9999,90,0000,0,0000
bone_0514.png,-1,6491,54,2069,-4,2072,29,9999,100,0000,0,0000
bone_0515.png,-1,6217,54,2069,-4,1051,29,9999,110,0000,0,0000
bone_0516.png,-1,5771,54,2069,-4,0093,29,9999,120,0000,0,0000
bone_0517.png,-1,5165,54,2069,-3,9228,29,9999,130,0000,0,0000
bone_0518.png,-1,4418,54,2069,-3,8480,29,9999,140,0000,0,0000
bone_0519.png,-1,3552,54,2069,-3,7874,29,9999,150,0000,0,0000
bone_0520.png,-1,2594,54,2069,-3,7428,29,9999,160,0000,0,0000
bone_0521.png,-1,1574,54,2069,-3,7154,29,9999,170,0000,0,0000
bone_0522.png,-1,0521,54,2069,-3,7062,29,9999,180,0000,0,0000
bone_0523.png,-0,9468,54,2069,-3,7154,29,9999,190,0000,0,0000
bone_0524.png,-0,8447,54,2069,-3,7428,29,9999,200,0000,0,0000
bone_0525.png,-0,7490,54,2069,-3,7874,29,9999,210,0000,0,0000
bone_0526.png,-0,6624,54,2069,-3,8480,29,9999,220,0000,0,0000
bone_0527.png,-0,5877,54,2069,-3,9228,29,9999,230,0000,0,0000
bone_0528.png,-0,5271,54,2069,-4,0093,29,9999,240,0000,0,0000
bone_0529.png,-0,4824,54,2069,-4,1051,29,9999,250,0000,0,0000
bone_0530.png,-0,4551,54,2069,-4,2072,29,9999,260,0000,0,0000
bone_0531.png,-0,4459,54,2069,-4,3124,29,9999,270,0000,0,0000
bone_0532.png,-0,4551,54,2069,-4,4177,29,9999,280,0000,0,0000
bone_0533.png,-0,4824,54,2069,-4,5198,29,9999,290,0000,0,0000
bone_0534.png,-0,5271,54,2069,-4,6155,29,9999,300,0000,0,0000
bone_0535.png,-0,5877,54,2069,-4,7021,29,9999,310,0000,0,0000
bone_0536.png,-0,6624,54,2069,-4,7768,29,9999,320,0000,0,0000
bone_0537.png,-0,7490,54,2069,-4,8374,29,9999,330,0000,0,0000
bone_0538.png,-0,8447,54,2069,-4,8821,29,9999,340,0000,0,0000
bone_0539.png,-0,9468,54,2069,-4,9094,29,9999,350,0000,0,0000
